{"mean":{"PSQI":13.0532687651,"FSS":40.4527845036,"SAS":39.5690072639,"SDS":39.0629539952,"HAS":38.210653753,"Mean_NN":950.9711864407,"LF(%)":20.3077239709,"C2d":0.9783292978,"AttentionEntropy":0.4279418886,"MAE_1":1.1187651332,"SD1":87.544503632},"std":{"PSQI":2.9274512951,"FSS":11.9141680871,"SAS":8.0289650539,"SDS":7.2125098974,"HAS":9.3152283093,"Mean_NN":117.8364147085,"LF(%)":4.9438749642,"C2d":0.0750848584,"AttentionEntropy":0.3403722641,"MAE_1":0.3009937837,"SD1":66.6812713226},"min":{"PSQI":7.0,"FSS":7.0,"SAS":21.0,"SDS":17.0,"HAS":2.0,"Mean_NN":577.98,"LF(%)":5.7,"C2d":0.43,"AttentionEntropy":0.02,"MAE_1":0.21,"SD1":11.26},"max":{"PSQI":21.0,"FSS":63.0,"SAS":67.0,"SDS":64.0,"HAS":66.0,"Mean_NN":1402.05,"LF(%)":34.45,"C2d":1.22,"AttentionEntropy":1.69,"MAE_1":1.99,"SD1":470.41}}